ham	Dear Customer, Purchase of INR AMT has been made on Debit Card linked to Acct on 30-Oct-17. Info: IIN*PAYTM      . The Available Balance is INR AMT.
ham	Dear Customer, Govt. of India has mandated Aadhaar updation in bank accounts. Ensure uninterrupted banking services by updating your Aadhaar at goo.gl/Bzh9iA
ham	Dear Customer, your Account XX has been debited with INR AMT on 06-Oct-17. Info: DECS*S.B.I., R.A.C.P.C.,*044. The Available Balance is INR AMT
ham	Added Rs. AMT to your Paytm wallet. Transaction ID: DIGITDIGITDIGITDIGITDIGITDIGITDIGITDIGITDIGITDIGIT. Current Balance: 1283.52. Rs100 Cashback on Bus Tickets
ham	We have received a Paytm login request from a new phone at 02:09 PM, 23 October.If you did not attempt this, please raise a query at paytm.com/care or call us at 0120-3888388
ham	Use DIGITDIGITDIGITDIGITDIGITDIGIT as your login OTP. OTP is confidential. Paytm never calls you asking for OTP. Sharing it with anyone gives them full access to your Paytm Wallet.
ham	Save yourself from fraud: NEVER set a password suggested by anyone. Reset password link: https://a.p-y.tm/3qxh2lh1t2hd392 (Do not forward this to anyone)
ham	You paid UBER Rs. AMT. Now book your train e-tickets on Paytm & enjoy 100% cashback on transaction charges. Use code TZERO http://m.p-y.tm/Ubtrn
ham	Received Rs. AMT from in your Paytm Wallet. Wallet txn id: 14119929998. For Billpayments Visit Paytm.
ham	Added Rs. 4500 to your Paytm wallet. Transaction ID: DIGITDIGITDIGITDIGITDIGITDIGITDIGITDIGITDIGITDIGIT. Current Balance: AMT. Shop at Croma Stores http://m.p-y.tm/Cr Get Offers
ham	Dear customer, You have exceeded 50% of your data usage limit. Track your live usage on the ACT Fibernet app. Download the app from
ham	Dear Customer, Your ACT Fibernet id DIGITDIGITDIGITDIGITDIGITDIGITDIGITDIGITDIGITDIGIT bill is generated for the month of OCT-17. Pay Rs. AMT via ACT Fibernet app https://is.gd/actapp or Online/Bangalore ONE/ACT Branch. Team ACT
ham	Dear Customer, Your ACT Fibernet id DIGITDIGITDIGITDIGITDIGITDIGITDIGITDIGITDIGITDIGIT bill is generated for the month of OCT-17. Pay Rs. AMT/- via ACT Fibernet app https://is.gd/actapp or Online/Bangalore ONE/ACT Branch. Team ACT
spam	Dear Patron, now get 25% off on your next monthly bill by getting your friend to experience the incredible ACT. 0SMS your friend?s cell number @ 8095107892 to refer!
spam	Dear customer, You have exceeded 50% of your data usage limit. Track your live usage on the ACT Fibernet app. Download the app from
spam	Download the ACT Fibernet app to book connection, track data, pay your bill and lot more
spam	LocalRamu.com 30% Off at Pest Control Get Certified technician @ ur door for AC,RO,TV,Washing Machine,CHIMNEY,Geyser,plumber Servic NO VISITING CHARG 7676407640
spam	Sweet Lime/Nagpur Orange@Rs49/kg each Rs20 OFF-Surf Excel Easywash 1.5Kg MRP207 GTS Bullet Surti Kolam Rice25kg@Rs1425 Almond500g@Rs395 RUSH TO STAR BAZAAR!T&C
spam	FREE SILVER COIN on bill of Rs7000+ @ STAR BAZAAR!  DHANTERAS Delight:Flat 25% OFF on all Steel utensils & many more exciting offers RUSH NOW! T&C
spam	Last minute Gifting ideas?  100+ gift packs @ STAR-Ferrero Rocher,Haldiram,Cadbury,Dry Fruits & many more DHANTERAS Delight:Flat 25% OFF on all Steel utensils
spam	STAR Diwali Dhamaka Get Rs200 Book My Show movie voucher FREE on bill of Rs2000+ @STAR BAZAAR Offer valid for13-14 Oct. E-voucher (1 per customer) will be sent by SMS on 16 Oct.  For T&C click here
spam	Thinking what to gift this Diwali?  100+ gift packs and products available at Star. Chocolates, dry fruits, cookies, kitchen items & more.  Special discounts on bulk purchases.  View the catalogue here https://goo.gl/b4u4jE Call on +91 9029002233 or visit the store to place an order.
spam	OFFERS KA MAHA UTSAV@STAR BAZAAR!  Potato(New)@Rs15.9/kg Tomato@Rs10.9/kg Onion@Rs23.9/kg Sunpure Sunflower Oil 1L-Rs80 FOR YOUR FESTIVE NEEDS: 100+giftpacks on great offers-Ferrero Rocher,Haldiram,Cadbury & many more favourite products T&C
spam	FRESH WEDNESDAY@STAR BAZAAR Spinach,Coriander,Methi,Mint-Rs5/pc Kiwi Zespri Green-Rs19.9/pc Shimla Apple-Rs129/kg SUPER SAVER:Aashirvaad Atta 10kg-Rs338 T&C
spam	GANESH UTSAV SPECIAL Rs.101 is credited to your CLUBCARD for your festive needs Redeem points on your shopping @STAR Offer Valid ONLY FOR TODAY.T&C
spam	SUPER SAVER WEEKEND @ STAR Get 5% CASHBACK on Shopping of Rs.3999+ Cashback to be awarded as Clubcard pts on 21 Aug (Max400) RUSH to your nearest STAR STORE.T&C 
ham	we have reached
ham	okay
ham	she is receiving call
spam	Shop for wedding season with Home Centre APP or online & get +15% OFF on Rs 2999. Use:HOME15 http://bit.ly/2k8QCNW. To opt out give missed call to +918039275834
spam	Download HOME CENTRE APP & Get EXTRA 15% OFF on Rs.2999. Use Code HOME15 http://bit.ly/2k8QCNW LAST THREE DAYS T&C. To opt out give missed call to +918039275834
spam	Download HOME CENTRE APP & GET +15% on Rs2999. Code:HOME15 .Link- http://bit.ly/andrdhc  http://bit.ly/iosapph T&C. To opt out give missed call to +918039275834
spam	HOME CENTRE now online. Shop furniture & home decor @ http://goo.gl/3HRQnj or on our apps & get upto 50% off. T&C. To opt out give missed call to +918039275834
spam	HOME CENTRE SALE FLAT 50% OFF! Additional 10% OFF on dining sets & customized sofas on 5 & 6 Aug. Rush Now! T&C To opt out give missed call to +918039275834
spam	HOME CENTRE SALE- FLAT 50%OFF! Get additional 10% off on sofa sets on 8 & 9 July. More offers instore rush now. T&C To opt out give missed call to +918039275834
spam	HOME CENTRE SALE- FLAT 50%OFF! Hi-gloss Queen Bed+Mattress @27950, Double Bedsheet @599. More Offers instore. T&C To opt out give missed call to +918039275834
spam	HOME CENTRE 50% OFF SALE exclusive preview - 19 to 23 JUN. Best offers in Furn,Mod Furn,Homeware & Furnishings. T&C To opt out give missed call to +918039275834
spam	HOME CENTRE OUTLET opens today in Westgate Mall, Rajajinagar - offers upto 70% off. Gifts for 1st 100 customers.T&C To opt out give missed call to +918039275834
spam	4 DAYS LEFT!  FLAT 50%OFF on Yippee Noodles,GoodDay Chocochip,Colgate Active Salt Neem,WildStone Perfume,B-Natural Orange Juice&more,on shopping of 499+@STAR T&C
spam	FLAT 50%OFF on ParleG Gold,Yippee Noodles,IndiaGate Dubar Basmati,GoodDay Chocochip,EngageDeos,PaperBoat&more,on shopping of 499+@STAR Tomato-Rs14.9/kg T&C
spam	EAT FRESH with STAR EXTRA!  Shimla Apple-Rs99/kg Tomato-Rs24.9/kg French Beans-Rs39/kg STEAL DEAL:GTS Bullet Surti Kolam Rice 25kg- Rs1399 Your store is now open till 11 pm on weekends!  T&C
spam	STAR Super Weekend is here!  FLAT 50%OFF on ParleG Gold,GluconD Orange,Yippee Noodles,Fortune Besan &many more favourite ones Offer valid on shopping of 499+@STAR Your store is now open till 11 pm on weekends!  T&C
spam	BIG OFFERS@STAR EXTRA Nutella 290g-Buy1Get Rs70 OFF, Buy2Get Rs190 OFF MRP329 Kelloggs Chocos1.2Kg/Cornflakes875g-Rs70 OFF MRP489 Almond(Badam)500g@Rs395 Your store is now open till 11 pm on weekends!  T&C
spam	Special products for your festive needs @ STAR Banana(Nendran)@89/kg Coconut@22/pc Ash Gourd@29/kg 10%OFF on Nirapara select range of Rice & Masalas T&C
spam	BIG OFFERS, BIGGER SAVINGS!  Rs499 ONLY-Patanjali Ghee1L MRP560 Tomato@29/kg Regular Sugar Loose@41/kg Rush now to STAR BAZAAR!T&C
spam	FLAT 50%OFF on 100+ products(on shopping of 499+)@STAR Shop for your favourite products-Parle-G Gold,Yippee Noodles Magic/Moods Masala,Fortune Besan & more T&C 
spam	BIG offers on monthly groceries!  Red Label Tea1kg-Rs50off MRP430 Nutella 290g-Rs90off MRP329 Surf Excel Matic 2kg-Rs100off MRP480 Rush now to STAR BAZAAR!T&C
spam	IT'S POURING OFFERS TODAY@STAR BAZAAR Onion-Rs29/kg Disco Papaya-Rs29/kg Green Cucumber-Rs12/kg STAR OFFER:Saver Jaggery 950GM-Rs53 RUSH NOW! T&C
spam	Last 3 Days! Earn Rs.50 on your Clubcard by shopping for just Rs.132 more till 31 Aug.Rush now to your nearest STAR store.  Bonus to be awarded next month. T&C apply.
spam	SUPER SUNDAY OFFERS@STAR BAZAAR!  Potato@Rs12.9/kg Pomegranate@Rs89/kg Rs499 ONLY-Patanjali Ghee1L MRP560 RUSH NOW! T&C Share SMS with family & friends
spam	WEEKEND SPECIAL@STAR BAZAAR!  Onion@Rs26/kg Shimla Apple@Rs125/kg SUPER SAVER:Aashirvaad Atta10kg+SunpureSunflowerOil 1l@Rs389 RUSH NOW! T&C
spam	Last 6 Days!Earn Rs.50 on your Clubcard by shopping for just Rs.132 more till 31 Aug.Rush now to your nearest STAR store.  Bonus to be awarded next month. T&C apply.
spam	LAST DAY TODAY!!  SUPER SAVER WEEKEND @STAR Get 5% CASHBACK on Shopping of Rs.3999+ Cashback to be awarded as Clubcard pts on 21 Aug (Max400) RUSH NOW! T&C
spam	You can get Rs.50 on your Clubcard by shopping for just Rs.132 more till 31 Aug. Rush now to your nearest STAR store.  Bonus to be awarded next month. T&C
ham	Your Paytm wallet balance on 27-10-17 is Rs 283.52. Scan Paytm QR code & pay at nearby shops,1000 lucky winners get 100% Cashback daily. T&C
ham	Dear Customer, linking your Aadhaar number is now mandatory as per regulatory guidelines for your trading account. To update it, please SMS AAD <space> <Your12DigitAadhaarNumberWithoutSpace> to 9223177500 from your registered mobile number.
ham	Passport printed for your File No. You will receive SMS once it is dispatched by speed post.
ham	Thank you for visiting Passport Seva Kendra. To provide feedback visit www.passportindia.gov.in
ham	EMI due on28102017 in a/c XXXXX163433. Please pay in time. Please ignore, if already paid. Thanking you for banking with SBI.
spam	Last week of 53 years celebrations at JOS ALUKKAS Jwlry Jayanagar 3rd Blk!Win POLO Cars,Home Appliances,Gold Coins&Assured Gifts on purchases till Oct 31.Hurry!
spam	JOS ALUKKAS jewellery turns 53! Join a 53-day mega celebration. Win weekly coins, Gifts on every purchase, home appliances& bumper prize of Polo Car. Welcome.
spam	When you are racking your brain for that one idea! Sip and spin. Order above Rs.300 & get a fidget spinner FREE. Applicable on Web/App orders. Order now on order.chaipoint.com or in.upipr.co/chaipoint T&C Apply.
spam	This Diwali, get more from sharing. Order for your friends & family and get 20% cash back on all orders above Rs.250. Offer applicable only on Web/App orders. Order now on www.chaipoint.com or in.upipr.co/chaipoint T&C Apply.
spam	Save Up to 50%(30%*@Medlife + get 20% e-cash wallet points) on 1st Medicine Order. Use:MG50. Valid only today! Order @ bit.ly/2iy10yn or Call 186012341234 *T&CA
spam	Axis bank offers personal loan starting from 10.99%(*) ROI with 0% preclosing charges and also partial payment is allowed. Call Shwetha on 9620493820.
spam	Sarkarada nirdeshanada prakara,Airtel mobile sankhyeyannu nimma aadhaar sankeyondige link maaduvudu kaddayavagide.Navikarisalu hattirada retailer annu beti nedi
spam	You have Rs.200 goCash+ in your wallet. Download the goibibo app or sign up to claim & start saving on your travel bookings.
ham	EPFO SMS Service
ham	Police Verification initiated. Contact Thana, if not done in 3 weeks
ham	Appointment for your application has been scheduled on 23/10/2017 10:00 AM at PSK Bengaluru, Sai Arcade.
ham	Passport printing initiated for your File No. .You will receive SMS once your passport is printed.
ham	SHAREKHAN LTD. has reported to NSE that your fund balance 4.77 and securities balance 0 with them as on end of Sep-17 . See details at darshan.sonde@gmail.com
spam	Dear Hyundai Patron, Zoom into Advaith Hyundai, this October to enjoy fabulous benefits.  # Refer a Hyundai car for Service&take away IOCL gifts* # Refer a Hyundai car for sale&win Rs 3000 service coupon * # Convert your Service Bills/Purchase Extended Warranty, etc in EMI* with no additional cost* Your Hyundai car is due for service. Kindly call us on 080-22976161/62/63/64/65, mob-9902099944 for appointments You can also book your service appointment online @ www.advaithhyundai.com/service-booking Pick & Drop available, 7 days working.  Regards Advaith Hyundai.  Kindly ignore if already serviced.  ** conditions apply
ham	Thank you for using Debit Card ending 
ham	was withdrawn using your HDFC Bank Card ending
spam	Thanks for shopping with GK VALE PREMIUM CLUB. Bill Amount: Rs. 220.You have earned 5.5 Loyalty Points. Your total Loyalty Points are 8.75. T&C Apply
spam	It's Dad's turn to get a gift.Book a FREE portrait session with Dad &get a 8x12 print free only @GK Vale Marathahalli.Cpn0616CLIDB11 .Val-17Jun.Ph08041680066.T&C
ham	Thank you for using Debit Card ending  Avl bal
spam	Dear Rider, enjoy AC POOL rides starting at just Rs 29* from Mon to Fri in Bengaluru. T&C apply. Learn More - http://t.uber.com/pv2 blr
spam	Dear Rider, apply promo OCTGO40 and get 40% off your next 5 uberGO/uberX rides in Bangalore, from 11 AM - 5 PM! Valid till Friday, 27th October. TnCA
spam	Promo Update: Apply promo BLROCT4040 and get 40% off your next 5 uberGO/uberX rides in Bangalore, from 11 AM - 5 PM! Valid till Friday, 20th October. TnCA
spam	Celebrating 4th anniversary in a SPIRITUAL WAY,Serving all Spirit in MRP. From 15th Oct-15th Nov'17. Android: https://goo.gl/aknxUE iOS:https://goo.gl/TrhI5q
spam	Unlimited Local & STD Calls (for non-commercial use only) + 28GB data (Daily 1GB) for 28 days. T&C Apply. Dial *121# for balance.Dial *121*1# or click Airtel.in/5/m
spam	MakeMyTrip: Basis your last booking NF7263792196777 we are happy to offer you upto Rs.2300 OFF on Domestic Hotels. Code HTLDISCOUNT. Visit applinks.makemytrip.com/SMsf/gvoJ43kjrD & book with email darshan.sonde@gmail.com. Valid 11June. T&C bit.ly/2r8UrG4 . To opt-out SMS MMTSTOP to 56161
spam	MakeMyTrip: Basis your last booking NF7263792196777, Get FLAT 42% OFF (no upper limit) + Rs.200 Cashback to MyWallet on Domestic Hotels. Code HTLDISCOUNT Book @ applinks.makemytrip.com/SMsf/sk2Zb8AjrD with darshan.sonde@gmail.com Valid 2Jul. T&C bit.ly/2swtdIG To opt-out SMS MMTSTOP to 56161
spam	MakeMyTrip: Basis your last booking NF7263792196777, Get FLAT 42% OFF (no upper limit) + Rs.200 Cashback to MyWallet on Domestic Hotels. Code HTLDISCOUNT Book @ applinks.makemytrip.com/SMsf/sk2Zb8AjrD with darshan.sonde@gmail.com. Valid 16Jul. T&C bit.ly/2swtdIG To opt-out SMS MMTSTOP to 56161
spam	MakeMyTrip:Basis your booking NF7263792196777 with darshan.sonde@gmail.com here's a deal. Buy 1 Night Get 1 Night FREE on Domestic Hotels. Code HTLBOGO Book @ applinks.makemytrip.com/SMsf/wriW2V0GkF T&C bit.ly/2eT3YeV Valid on select hotels To opt-out SMS MMTSTOP to 56161 Valid 5Aug
spam	MakeMyTrip: Best offer for you basis your booking NF7263792196777 with darshan.sonde@gmail.com. Buy 1 Night, Get 1 FREE on Domestic Hotels. Code: HTLBOGO Book @ applinks.makemytrip.com/SMsf/wriW2V0GkF T&C bit.ly/2eT3YeV Valid on select hotels To opt-out SMS MMTSTOP to 56161 Valid 13Aug
spam	MakeMyTrip: FREE 1 Night Stay in Domestic Hotel basis your booking NF7263792196777 with darshan.sonde@gmail.com. Buy 1 Night Get 1 FREE. Code: HTLBOGO Book @ applinks.makemytrip.com/SMsf/wriW2V0GkF T&C bit.ly/2v44clX Valid on select hotels To opt-out SMS MMTSTOP to 56161 Valid 20Aug
spam	MakeMyTrip: FREE Night Stay in Domestic Hotels basis your booking NF7263792196777 with darshan.sonde@gmail.com. Buy 1 Night, Get 1 FREE. Code: HTLBOGO Book @ applinks.makemytrip.com/SMsf/wriW2V0GkF T&C bit.ly/2vXk5yk Valid on select hotels To opt-out SMS MMTSTOP to 56161 Valid 27Aug
spam	MakeMyTrip: 50% OFF on Domestic Hotels for you basis your booking NF7263792196777 with darshan.sonde@gmail.com. Code: HTLBOGO Book @ applinks.makemytrip.com/SMsf/wriW2V0GkF T&Cs bit.ly/2vXk5yk Valid 3-Sep on select hotels. To opt-out SMS MMTSTOP to 56161
spam	MakeMyTrip: Buy 1 Night Get 1 FREE on Domestic Hotels basis your booking NF7263792196777 with darshan.sonde@gmail.com Code: HTLBOGO Book @ applinks.makemytrip.com/SMsf/wriW2V0GkF T&Cs bit.ly/2vXk5yk Valid 10-Sep on select hotels. To opt-out SMS MMTSTOP to 56161
spam	MakeMyTrip: Book Hotel Stay for 2 Nights @ Price of 1, basis your booking NF7263792196777 with darshan.sonde@gmail.com Code: HTLBOGO Book @ applinks.makemytrip.com/SMsf/wriW2V0GkF T&Cs bit.ly/2vXk5yk Valid 1-Oct on select domestic hotels. To opt-out SMS MMTSTOP to 56161
spam	MakeMyTrip: 50% OFF on Hotels for you basis your booking NF7263792196777 with darshan.sonde@gmail.com Code DHBOGO Book @ applinks.makemytrip.com/SMsf/wriW2V0GkF T&Cs bit.ly/2yZFFS6 Valid 8 Oct on select domestic hotels. To opt-out SMS MMTSTOP to 56161
spam	MakeMyTrip: FREE Cancellation on Domestic Hotels + 50% OFF on today's bookings basis your transaction NF7263792196777 with darshan.sonde@gmail.com Book @ applinks.makemytrip.com/SMsf/wriW2V0GkF T&Cs bit.ly/2yZFFS6 To opt-out SMS MMTSTOP to 56161
spam	Double Deal Exclusively for YOU!  EXTRA Rs.200 OFF on Fashion bill of Rs.2000 Over & above Rs. 1000 Cashback! USE 3669444891 Till 26 June @fbb/Big Bazaar T&C
spam	Last 2 Days! FLAT 50% OFF on Drying Stand, Ironing Boards & Laundry Baskets @ Big Bazaar Use 285914168103 till 17Sep More @ bit.ly/2jlD15g T&C Ignore if used
spam	Get FLAT 40% OFF on Wide Range of Lunch Boxes @ Big Bazaar Use code 951520922823 till 24 Sep More@ https://bit.ly/2xua8cV Brands- Milton, Signoraware etc T&C
spam	Bonus Weekend @ Big Bazaar & fbb EXCLUSIVELY for YOU- Get Rs.300 FLAT DISCOUNT on shopping of Rs.3000 Use 639558322914 before billing till 22 Oct T&C
spam	Gifting urself a Domino's Pizza is an occasion in itself. That's why Domino's 'Wheel of Gift' is back! Click on bit.ly/2uEYvP6 to win fabulous discounts.T&C
spam	Enjoy Ur Fav Veg Extravaganza Pizza at All New DOMINO'S with Taste of new Grilled Mushroom,More toppings,Soft Crust & More Cheese. Call@ 68886888/ goo.gl/CQThqp
spam	This Diwali, gift yourself & your loved ones a Domino's Pizza. Just spin the Domino's 'Wheel of Gift' & win exciting offers. Click on http://bit.ly/2xLh0Pq T&C
spam	Greetings from ACT ! We missed your call. Use the ACT Fibernet app to register service request, pay your bill and much more Download here
spam	Thank God Its Friday!!Print ur memories on 10x10 size HD photobook worth Rs3799 @ 1499 only @ GK Vale Marathahalli store!Valid only today.T&C.Call 08041680066
spam	Choose ur best Diwali gift @GK VALE Marathahalli!Enjoy UPTO 20% OFF on CANON CAMERAS.Capture &Cherish ur memories.Offer Vld for 3 days.Ph08041680066.T&C
spam	Get FLAT 40% OFF on Opalware Dinner Sets @BigBazaar+PAYBACK Pts till 28Jun,Code 4673288734 valid on LaOpala,Diva & more.
spam	To optout,sms OPTOUT to 9773597735 TnC Excl Double Deal!  EXTRA Rs200 OFF on Rs2000 bill+Rs1000 Cashback+PAYBACK Pts till 26Jun @fbb/Big Bazaar,Code 4819506220 To optout,sms OPTOUT to 9773597735 TnC
spam	FLAT 40% OFF on Opalware Dinner Sets @BigBazaar+PAYBACK Pts till 28Jun,Code 4673288734 on LaOpala & more,Ignore if used.  To optout,sms OPTOUT to 9773597735 TnC 
spam	Shop Fashion for Rs2000 & Get Rs500 INSTANT OFF+PAYBACK Pts Valid till 16 Jul on select Fashion apparels @fbb/BigBazaar To optout,sms OPTOUT to 9773597735 TnC
spam	PAYBACK Exclusive REWARDS!  Get Rs300 Cashback in Future Pay Wallet on Rs3000 bill @BigBazaar+PAYBACK Pts till 09Jul.  To optout, sms OPTOUT to 9773597735 TnC 
spam	FLAT 40% OFF + Additional 20% OFF for you on Urbana @Brand Factory + earn PAYBACK Pts. Use Coupon 6020216846 till 09Jul.  To optout,sms OPTOUT to 9773597735 TnC
spam	Extra 30% OFF+PAYBACK Pts on Pillow/Bolster Covers & Kitchen Dusters/Towels @Big Bazaar. Use Code 4742168882 till 09 Jul To optout,sms OPTOUT to 9773597735 TnC 
spam	Gift ur loved ones their favorite Soft Toys @BigBazaar. Use Coupon 5791393630 & get FLAT 50% OFF+PAYBACK Pts till 07Aug. To optout, sms OPTOUT to 9773597735 TnC 
spam	Last 2 days! Gift ur loved ones, Soft Toys @BigBazaar. Use Coupon 5791393630 & get FLAT 50% OFF+PAYBACK Pts till 07Aug. To optout, sms OPTOUT to 9773597735 TnC 
spam	Shop @BIGBAZAAR BENGALURU in Maha Savings Sale for Rs2000,get 1000 PAYBACK Pts till 16Aug on min Rs2000 bill,TnC bit.ly/mb_b To optout,sms OPTOUT to 9773597735
spam	Get upto 6% ADDITIONAL DISCOUNT on shopping of Rs.4000 +PAYBACK Pts with ICICI Bank Debit & Credit Cards @Big Bazaar Also,get extra Rs.300 CASHBACK in Future Pay Wallet on shopping till 4 Oct TnC-ICICI Max discount is Rs.400 To optout,sms OPTOUT to 9773597735
spam	Shop for Rs.2000 & Get 1000 Bonus PAYBACK Pts on ur shopping @BIG BAZAAR/fbb Bangalore on 30 Sep-01 Oct.  Click bit.ly/BBPB_1 To optout,sms OPTOUT to 9773597735
spam	Rs500 OFF on Koryo Home/Kitchen Appliances @BigBazaar/Ezone +PAYBACK Pts till 19 Oct.  Code 437139590763 bit.ly/Ezn_BBTnC To optout,sms OPTOUT to 9773597735 TnC
spam	Anything & Everything @MIN 30%OFF on WOMEN/KIDSWEAR,40% on MENSWEAR,50% on SPORTSWEAR on2/more pcs@BrandFactory till29Oct,TnC To optout,sms OPTOUT to 9773597735
spam	Rs500 OFF on Koryo Home/Kitchen Appliances @BigBazaar/Ezone +PAYBACK Pts till 19 Oct.  Code 437139590763 bit.ly/Ezn_BBTnC To optout,sms OPTOUT to 9773597735 TnC
spam	Last 2days!Anything & Everything @MIN 30%OFF on WOMEN/KIDSWEAR,40% on MENSWEAR,50% on SPORTSWEAR on2/more pcs@BrandFactoryTnC To optout,sms OPTOUT to 9773597735
spam	New Service Alert! You can now check your pre-approved loan amount from Bajaj Finserv in 3 Simple steps. Click goo.gl/RxU3QZ T&Capply
spam	Mittal Elanza, North Bengaluru. 2, 2.5 & 3BHK. Diwali offer - Book till 31st Oct'17 & get 7.5% off. RERA: PR/KN/170731/000683 Call @ +918067363403 for more info
spam	Dont miss out on the Sale at Shoppers Stop & HomeStop. Swipe your First Citizen Card ending 9010 to shop at the FLAT 50% OFF SALE on 15-16 Jul. T&C apply, TAXES EXTRA. On select Range & Brands
spam	Special offer on First Citizen Card ending 9010 - Get rewarded with 500 Bonus Reward Points when you shop at Shoppers Stop / HomeStop FLAT 50% SALE on 22-23 Jul. Just shop for Rs.5000 or more in single bill this WEEKEND to collect 500 reward points. One time offer only. T&C apply
spam	Redeem your reward points to shop at the Shoppers Stop & HomeStop SALE with your First Citizen card ending 9010. You have Rs. 301 worth of reward points in your a/c as on 09 Aug 17. Redeem them before they lapse. T&C apply
spam	You missed out on all the offers during the Shoppers Stop Sale, Dont miss out on the amazing offers at the Shoppers Stop Festive Delights. Shop for nett Rs. 5000 or more in a single bill with your First Citizen Card ending 9010 at Shoppers Stop or HomeStop & get Discount Vouchers worth Rs. 2000. T&C aply
spam	Just For You! Shop with your First Citizen Card ending 9010 & get amazing offers on Ladies Ethnic Wear & Handbags at Shoppers Stop. Buy 2 Get 1 Free on Haute Curry apparel, Upto 50% off on E20 Handbags. More offers in store. T&C apply. On select range
spam	You have Rs. 322 worth of reward points in your First Citizen card ending 9010 as on 16 Oct. Redeem your reward points at Shoppers Stop or HomeStop before they lapse. T&C apply
spam	Your credit score determines your loan eligibility. Check your score at PaisaBazaar absolutely FREE. Click http://nsm.sg/7GRUD to know your score.
spam	Never-seen-before savings on Car & Two-wheeler insurance only at Policybazaar. Just for today. Click http://nsm.sg/tDgqR to buy now and save big.
spam	Never-seen-before savings on Car & Two-wheeler insurance only at Policybazaar. Just for today. Click http://nsm.sg/tCYHD to buy now and save big.
spam	Rs.200 Diwali Gift from Goibibo is in your account. Sign Up on mobile app to save on your next travel booking.
spam	Greetings from the Global Top Dealer, ADVAITH HYUNDAI.  We are so excited to see you again. Its a privilege to have you as our Customer.  We are available across Namma Bengaluru @ 14 Locations for your ease of access and serve you better.  For booking your Service, Kindly contact 080-22976161/62/63/64/65.  You can also book your service appointment online @ www.advaithhyundai.com/service-booking # Working hours - 8:00am to 8:00pm,Sunday working # Pick up & Drop facility available # Quick Service available # Online payment / NEFT / RTGS / all bank Credit / Debit card payment facility available at your door step
spam	Dear customer, Advaith Hyundai Free Car Care Camp between July 12 - 21, avail attractive discounts on Lab,parts,Accs,VAS,ext wty, RSA & Spl offers for >3&4 yrs old cars. Pick&drop facility avl. Open on Sundays.For appt call us @080-22976170/71/72/73/74 M:9538674466, 9902099833. You can also book your service appointment online @ www.advaithhyundai.com/service-booking
spam	Dear customer, Advaith Hyundai Free Car Care Camp between July 12 - 21, avail attractive discounts on Lab,parts,Accs,VAS,ext wty, RSA & Spl offers for >3&4 yrs old cars. Pick&drop facility avl. Open on Sundays.For appt call us @  080-22976161/62/63/64/65  M: 9902099944. You can also book your service appointment online @ www.advaithhyundai.com/service-booking
spam	Dear customer, Advaith Hyundai Free Car Care Camp between July 12 - 21, avail attractive discounts on Lab,parts,Accs,VAS,ext wty, RSA & Spl offers for >3&4 yrs old cars. Pick&drop facility avl. Open on Sundays.For appt call us @080-22976170/71/72/73/74 M:9538674466, 9902099833. You can also book your service appointment online @ www.advaithhyundai.com/service-booking
spam	Dear Hyundai Patron, Zoom into Advaith Hyundai, this October to enjoy fabulous benefits.  # Refer a Hyundai car for Service&take away IOCL gifts* # Refer a Hyundai car for sale&win Rs 3000 service coupon * # Convert your Service Bills/Purchase Extended Warranty, etc in EMI* with no additional cost* Your Hyundai car is due for service. Kindly call us on 080-22976161/62/63/64/65, mob-9902099944 for appointments You can also book your service appointment online @ www.advaithhyundai.com/service-booking Pick & Drop available, 7 days working.  Regards Advaith Hyundai.  Kindly ignore if already serviced.  ** conditions apply
spam	Spl Preview! EVERYTHING @ 50% OFF on Sportswear, Footwear, Handbags at CENTRAL Tmrw +Rs500 off using code 7411575831 on spends of Rs4000 + earn PAYBACK Pts. NA in Kolkata.TnC To optout, sms OPTOUT to 9773597735 .TnC 
spam	EVERYTHING at 50% OFF on Sportswear, Footwear, Handbags at CENTRAL only for Today Specially for you : Extra Rs 500 OFF using code 7411575831 on spends of Rs 4000 Earn PAYBACK Points. Not valid in Kolkata.  To optout, sms OPTOUT to 9773597735 .TnC
spam	Extended for Today! EVERYTHING at 50% OFF on Sportswear, Footwear, Handbags at CENTRAL Last day to redeem coupon 7411575831 and get Rs 500 OFF on spends of Rs 4000.  Earn PAYBACK Points. Not valid in Kolkata.  To optout, sms OPTOUT to 9773597735 .TnC 
spam	3 Days Free Shopping at CENTRAL frm 4-6Aug. PAYBACK Preview on 3Aug. Give Missed call@ 08045300051 for a Special Offer To optout,sms OPTOUT to 9773597735 TnC
spam	Wednesday Delights at CENTRAL. Enjoy ADDITIONAL 10% OFF on ICICI Bank debit & credit cards + PAYBACK Pts. Valid on Min Spend of Rs5000, Max discount Rs750. TnC To optout,sms OPTOUT to 9773597735.  
spam	Festive Treats at CENTRAL. Get Rs2000 Shopping Voucher +Movie Voucher +Bonus PAYBACK Pts.  More: http://bit.ly/fab_pb To optout,sms OPTOUT to 9773597735,TnC Festive Treats at CENTRAL. Get Rs2000 Shopping Voucher + Movie Voucher + Bonus PAYBACK Pts. More: http://bit.ly/fab_pb To optout,sms OPTOUT to 9773597735,TnC
spam	Festive Treats at CENTRAL! Get Rs2000 Shopping Voucher+Movie Voucher+Bonus PAYBACK Pts till tmrw: http://bit.ly/fab_pb To optout,sms OPTOUT to 9773597735,TnC
spam	Festive Gift of Rs500 frm Bangalore CENTRAL Valid on spend of Rs3000 till 8 Oct +PAYBACK Pts. Use code 115363170223 To optout,sms OPTOUT to 9773597735,TnC 
spam	Festive Gift of Rs500 frm Bangalore CENTRAL Valid on spend of Rs3000 till today +PAYBACK Pts. Use code 115363170223 To optout,sms OPTOUT to 9773597735,TnC
spam	Make ur Dhanteras special at CENTRAL. Get Gold coins, Cashback, Movie Vouchers, PAYBACK Pts till 22Oct: bit.ly/2zsPngi To optout,sms OPTOUT to 9773597735,TnC
spam	HOME CENTRE SALE is Back!! Flat 50% OFF on entire range. Bed+Mattress @19950. More offers in-store. Visit now. T&C To opt out give missed call to +918039275834
spam	HOME CENTRE BIGGEST SALE DAYS! 12-15 Aug. FLAT 60% OFF. 4-str solid wood dining set @12950 & more. Hurry! T&C To opt out give missed call to +918039275834
spam	Download HOME CENTRE APP ( bit.ly/2k8QCNW ) & Get EXTRA 15% OFF on Rs.2999. Use Code HOME15 . LAST 3 DAYS only! T&C To opt out give missed call to +918039275834
spam	Home Centre celebrates the release of Chef movie! Discover the Chef inside you &shop at HOME CENTRE. bit.ly/HC-Chef To opt out give missed call to +918039275834
spam	Shop on Home Centre APP or ONLINE & Get EXTRA 15% OFF on Rs. 2999. Code: HOME15 bit.ly/2k8QCNW Last 3 days! T&C. To opt out give missed call to +918039275834
spam	Shop on Home Centre APP or ONLINE & Get EXTRA 15% OFF on Rs.2999. Code: HOME15 bit.ly/2k8QCNW Offer ends today.T&C. To opt out give missed call to +918039275834
spam	Shop on HOME CENTRE APP or online & get extra 15% off on Rs.2999. Use: HOME15. http://bit.ly/2k8QCNW. Till 19 Oct. To opt out give missed call to +918039275834
spam	WORLD OF TITAN,INDIRANAGAR-Titan Preview Sale is BACK! Upto 40% off on the largest range of watches,TODAY,EXTRA 5% for encircle card member,PH:-25215594 T&C.
spam	1st time Ever Titan Eye Plus Indiranagar, Raining offer buy any frame & get Flat 25% off on Titan lenses only.Ph 25213727  T&C
spam	You can?t miss this @ Titan Eye+ Indiranagar! Get 25% OFF on Titan lenses & 10% OFF on International frames valid till 27th Aug-17 only. T&C. 25213727
spam	HURRY, Last 4 days! Flat 25% off on TITAN LENS @ Titan Eye + Indiranagar. Valid till 3rd Sep only. Ph 080-25213727 T&C*
spam	Dear customers, Avail FLAT 17% OFF on one year supply of contact lenses (B&L, J&J & Alcon) from TitanEye+ INDIRANAGAR. PH-080-25212737/3727.
spam	Get FLAT 20% OFF on International Range of SPECTACLE LENSES only at TITAN EYE+ INDIRANAGAR 100ft road.Celebrating 30years, Limited time offer. Ph: 25212737.T&C.
spam	Splash Sale is Now ON! Upto 60%OFF + Use Code:BT5PFO get Extra 10% on Rs.5000 purchase. Prices starting Rs.199. T&C To opt out give missed call to +918039275834
spam	FINAL DAY!! SPLASH INDEPENDENCE DAY OFFER! FLAT 71%OFF on select merchandise. Hurry! Visit a Splash store Now. T&C To opt out give missed call to +918039275834
spam	Splash Shopping Festival! FREE assured gifts & GV's + Get a chance to win Rs.10 Lakhs. http://bit.ly/splashs T&C. To opt out give missed call to +918039275834
spam	Celebrate Diwali with Splash! UPTO 50% OFF & Get a chance to win Rs.10 lakhs. Visit your nearest Splash store. T&C. To opt out give missed call to +918039275834
spam	Hurry last few days of the Diwali offer @ Planet Fashion. Explore from a wide range of festive collections and get FREE shopping worth Rs.3000 on purchase of Rs.12000. Also get FREE shopping worth Rs.1500 on purchase of Rs.6000. Offer valid only till 22nd Oct. @ Planet Fashion, CMHRd, Ph:080-40982286 .T&C.To opt out call +918067006983
spam	The SALE is here! Make the most of our End of Season Sale Up to 50% OFF & elevate your style quotient at Baggit Stores & baggit.com. Starting Today. *T&C Apply.
spam	Looking for a weekend deal. Get upto 50% off. Avail the offer till 9th July. SHOP NOW at Baggit Stores & www.baggit.com T&C Applied
spam	Looking for a weekend deal. Perfect. Get upto 70% off. Avail the offer till 9th July. SHOP NOW at Baggit Stores & www.baggit.com T&C Applied
spam	Baggit is offering you Freedom to GAIN more. Avail a discount of 15% on every shopping of Rs 3799. Offer valid from 12-21 August in all Exclusive Baggit Store.
spam	Shop MORE, Gain MORE! 15% OFF on shopping for Rs 3799 till 21st Aug in all Exclusive Baggit Stores. T&C apply. *Offer valid on fresh merchandise except wallets.
spam	LAST 2 DAYS! Shop MORE, Gain MORE! Shop worth Rs 3799 and get 15% off. Valid till 21st Aug. T&C apply. *Not valid on wallets and discounted merchandise.
spam	LAST DAY! Shop MORE, Gain MORE! Shop worth Rs. 3799 and get 15% off. Valid till 20th Aug. T&C Apply. *Not valid on wallets and discounted merchandise.
spam	Color pop effect hits the classic bag! Baggit is up with its latest collection, COLOR BLOCK. Lock this collection from Exclusive Baggit stores and Baggit.com. ?
spam	This Diwali, Glam up with Baggit. Shop for Rs 3399 or 4999 and above, and get a discount of 15% or 20% respectively Valid on all Baggit stores. T&C apply
spam	SPAR KITCHEN FEST! Here is your catalogue http://bit.ly/2rnrxOl showcasing best quality kitchen products with best prices. T&C To opt out give missed call to +918039275834
spam	SPAR M-COUPON! Show Coupon 0BVKG7 before billing to get Rs.100 Off on purchase of Rs.2000 & above. Valid till 9 July. T&C To opt out give missed call to +918039275834
spam	SPAR M-Coupon! Show coupon NG3GZT to avail 5% off on shopping of Rs.999 on Curtain, Bedsheets & Pillows. Valid till 25 July. Click http://bit.ly/2uG96sY. T&C To opt out give missed call to +918039275834
spam	Just Credited Rs.145 in your wallet by SPAR, redeem coupon MHAP8V @ cashtill on purchase of Rs.1450&above @BLR. T&C To opt out give missed call to +918039275834
spam	SPAR FESTIVE COUPON! Just Credited Rs.101 in your wallet by SPAR! Show Coupon 2BIWY4. Valid till 6 Oct @BLR. T&C To opt out give missed call to +918039275834
spam	SPAR FESTIVE COUPON! Just Credited Rs.101 in your wallet by SPAR! Show Coupon UQDQ47. Valid - 15 Oct @BLR. T&C To opt out give missed call to +918039275834
spam	Your SPAR store at Gopalan Mall, OMR is now open till Midnight on occasion of festive season. Happy Shopping! To opt out give missed call to +918039275834
spam	The BIGGEST Diwali celebration is at JOS ALUKKAS.Free Gold coin with Rs 30000 Gold purchase,20% Discount on Diamonds,Bumper prize Car&Weekly prizes.14-18 Oct.
spam	DUSSEHRA DHAMAKA!!  FREE SILVER COIN on bill of Rs7000+@STAR BAZAAR Valid till 2nd Oct ONLY HURRY!  Also100+giftpacks on great offers-Haldiram,Cadbury&Ferrero.T&C 
spam	FLAT 50% OFF on Ferrero Raffaello,Fortune Besan,IndiaGate Dubar Basmati,Sunfeast Chocofills/Yumfills,Engage Deos,McCain Smiles&more,on shopping of 499+@STAR T&C
spam	Hi, Rs.500 to 15 lucky winners & Rs.50 to 1,500 Early Birds as Clubcard points! Just take the survey, click - http://bit.ly/2fX5YUu & share feedback. T&C
spam	FREE SILVER COIN on bill of Rs10,000+@STAR FLAT 50% OFF on Ferrero Raffaello,IndiaGate Dubar Basmati,Sunfeast Yumfills,Engage Deos & more,on shopping of 499+ 20% off on 1kg Pack of KC Besan/Maida/Sooji GTS Bullet surti kolam rice Rs1425/25kg Tomato-Rs13.9/kg HURRY! RUSH TO STAR BAZAAR!  T&C
spam	FREE SILVER COIN on bill of Rs7000+ this weekend Almond(Badam)500g@Rs395 Dalda Vanaspati1L@Rs87 Your store is now open till 11 pm!  RUSH TO STAR BAZAAR!T&C
spam	Dear Customer, Thank You for patronising SBI. We are pleased to inform you that We offer Top Up Loan  based on your existing Home Loan account with us. Eligibility Criteria:1. Satisfactory repayment of 12 months 2.  Possession of the house taken 3. Valid mortgage in favour of the Bank. Please visit our RACPC/Branch and avail Top Up Loan up to 5 cr. If you have any query, Please call to 9480880295.
spam	Hi NAME, Employer Health Insurance doesn't cover you enough. Get a 5Lac health plan @ Rs.5000/year. EMI options available.  
spam	Hi NAME, Employer Health Insurance doesn't cover you enough. Get a 5Lac health plan @ Rs.5000/year. EMI options available.  http://nsm.sg/Gc80v
spam	Mittal Elanza, North Bengaluru. 2,2.5&3BHK @65L to 90L. Diwali offer - Book till 31st Oct & get 7.5% off.  Call 9873544801 RERA ACK: PR/KN/170731/000683
spam	FLAT 75% DISCOUNT on Dreamline Magic Mop bucket+PAYBACK Pts @BigBazaar till 11Jun. Use Code 7497963708 Ignore if used. TnC https://goo.gl/pbTjYE To optout, sms OPTOUT to 9773597735
spam	Flat 55% OFF on all Terry Bath Towels, now @Rs72 after discount @BigBazaar till 11Jun+earn PAYBACK Pts,Code 1171158525 To optout, sms OPTOUT to 9773597735 TnC
spam	Get 25% OFF on Recron Pillows @ Big Bazaar + earn PAYBACK Points till 18 Jun, range starts @Rs189. Coupon 5784943689 To optout, sms OPTOUT to 9773597735 TnC
spam	Get 25% OFF on Recron Pillows at BigBazaar + PAYBACK Pts till 18 Jun, range starts @ Rs189, Use Code 3894906616 TnC . To optout, sms OPTOUT to 9773597735
spam	FLAT Rs100 OFF on entire range of Yoga Mats @BigBazaar+PAYBACK Pts till 25 Jun, range starts @Rs439, Use Code 3894906616 To optout,sms OPTOUT to 9773597735 TnC
spam	FLAT Rs100 OFF on entire range of Yoga Mats @BigBazaar +PAYBACK Pts till 25Jun,range starts @ Rs439, Use Code 6040077733 TnC .To optout,sms OPTOUT to 9773597735
spam	Flat 50% OFF, Lunch Box & Carriers (Milton,Signoraware,Borosil & more) @BigBazaar+PAYBACK Pts till 28Jun,Code 5153512199 To optout,sms OPTOUT to 9773597735 TnC
spam	Last 2 days!FLAT 25% OFF on Prayer Mats & Dhurries @BigBazaar+PAYBACK Pts till 25Jun,range starts @Rs299,Code 5466191354 To optout,sms OPTOUT to 9773597735 TnC
spam	FLAT 55% OFF on Bedsheets @BigBazaar Bombay Dyeing,Dreamline & more+PAYBACK Pts till 25Jun,Max 3Pcs/bill,Code 1881185458 To optout,sms OPTOUT to 9773597735 TnC
spam	Onion & Potato @Rs5/Kg (Max 3Kg/Card), Amul Butter 500g @Rs199 +PAYBACK Pts Offer till stock lasts only TODAY@BigBazaar To optout,sms OPTOUT to 9773597735 TnC
spam	Get Rs100 OFF @ Big Bazaar on purchase of any color cosmetics worth Rs500 till 09 Jul + PAYBACK Pts. Coupon 7175439991 To optout, sms OPTOUT to 9773597735 TnC
spam	Get FLAT 30% OFF on ANY Prestige Non Stick Cookware @Big Bazaar+earn PAYBACK Pts. Hurry! Use Coupon 4307756421 till 06 Aug.  To optout, sms OPTOUT to 9773597735
spam	Dear Member, Get FLAT 50% + Extra 20% OFF on All Apparel & Sports Footwear at Brand Factory +PAYBACK Points till 15 Aug.  To optout,sms OPTOUT to 9773597735 TnC
spam	Rs500 OFF on Koryo Home/Kitchen Appliances @BigBazaar/Ezone +PAYBACK Pts till 19 Oct. Code 437139590763 bit.ly/Ezn_BBTnC To optout,sms OPTOUT to 9773597735 TnC
spam	Ezone @Big Bazaar-PAYBACK Exclusive Offer! Redmi 4 @Rs9,999 onwards. No Cost EMI+Extra 6% OFF till 22Oct. bit.ly/bbeztnc To optout,sms OPTOUT to 9773597735 TnC
spam	Dear Member, visit http://bit.ly/2i5Rwdo to check your current PAYBACK Account Statement for card no. ending with 2601. Download App http://bit.ly/2xAgI2x TnC
spam	MAX brings Endless Ways to win Iphone 8. Participate now, click: bit.ly/2hZcsmq To opt out give missed call to +918039275834
spam	Hi sir/Madam this is kavya from hdfc bank. If you are looking for top up of your personal loan/home loan, please call me back to the same number. Thank you
spam	Haven't seen you for long! Planet Fashion's exclusive SALE preview has already begun. Avail up to 40% off on latest trends from Louis Philippe, Van Heusen & Allen Solly till 15 June @ Planet Fashion, CMHRd, Ph: 40982287. T&C. To opt out call +918067006983
spam	Dear NAME, Celebrate this Diwali with Planet Fashion. We gift you 1000 bonus points. Come and explore the wide range of festive collections @ Planet Fashion, CMHRd. Ph:080-40982286. Valid till 19 Oct.T&C. To opt out call +918067006983
spam	Dear NAME NAME, your Planet Fashion Club Royale 1000.0 points are about to expire in 7 days. Redeem it before 19-Oct-2017 at the nearest PLANET FASHION Store. T&C.
ham	your OTP is
ham	pin is
ham	confirmed appointment
spam	Axis bank offers personal loan starting from 10.99%(*) ROI with 0% preclosing charges and also partial payment is allowed. Call Ahmed on 9620493594.
spam	Axis bank offers personal loan starting from 10.99%(*) ROI with 0% preclosing charges and also partial payment is allowed. Call Shwetha on 9620493820.
spam	Dear Rider, apply promo OCTBLR50 and get 50% off your next 5 uberX rides in Bangalore, from 11 AM - 5 PM! Valid till Friday, 13th October. TnCA
spam	Your fav Domino's Veg Pizzas just got better - Soft Crust,More Toppings,Tastier Sauce & More Cheese. Walk-In/Order@ 68886888/ goo.gl/CQThqp /App.T&C #BadalGaya
spam	Enjoy Ur Fav Veg Extravaganza Pizza at All New DOMINO'S with Taste of new Grilled Mushroom,More Toppings,Soft Crust & More Cheese. Call@ 68886888/ goo.gl/CQThqp
spam	Enjoy Soft Crust, More Toppings & Tastier Sauce on your fav DOMINO'S. Order & get 20%off on Med Pizza Today! WalkIn/Call@ 68886888/Online Cpn: CRMD09975AE7E T&C
spam	Enjoy Soft Crust, More Toppings & Tastier Sauce on your fav DOMINO'S. Order & get 20%off on Med Pizza Today! WalkIn/Call@ 68886888/Online Cpn: CRM75C8D50686 T&C
spam	Great CROSSWORD SALE starts today. Upto 70%Off on Books,Toys,Stationary &more. Preview Offer- Get 10% Addt. Reward Points* on your net purchase till 2 July.T&C*
spam	Grab your best deal now! The Great Crossword Sale Offers Up to 70% Off on Books, DC Character T-Shirts & Toys. Details - goo.gl/NbCvfB .Valid till 30 July. T&C*
spam	CROSSWORD offer FLAT Rs1000 Off on All New Kindle & FLAT Rs2000 Off on Kindle Paperwhite. Valid till 16 July. Also get Up To 70% Off @TheGreatCrosswordSale.T&C*
spam	CROSSWORD offers FLAT Rs 2500 Off on Kindle Paperwhite & FLAT Rs 1000 Off on All New Kindle. Hurry! Offer valid till 18th Oct. T&C*
spam	SPAR! 1st time in India we bring to you Deal Pe Deal. double discounts double benefits. http://bit.ly/2vwlCf0 . Limited period offers. T&C To opt out give missed call to +918039275834
spam	Just Credited Rs.100 in your wallet by SPAR! Shop what you like till 24-Sep, show Coupon X9UJD2 @Cash Till @BLR.T&C To opt out give missed call to +918039275834
spam	Celebrate the goodness of Dasara with SPAR, click this link http://bit.ly/2yDEdVr for festive offers. Hurry!!. T&C To opt out give missed call to +918039275834
spam	SPAR M-COUPON! Show Coupon UYDUW5 to get EXTRA Rs.75 off on purchase of Rs.1450 & above. Valid till 11 Oct. T&C To opt out give missed call to +918039275834
spam	Dear customer, As per our records your Hyundai Car is due for service. Our team will be contacting you with the details. Fix an appointment to service your car with priority and and ease - 22976161/62/63/64/65 Team Advaith.
spam	Bring ur holiday memories to life with beautiful HD Photobooks worth Rs.1699 @ 599 only @ GK Vale Marathahalli store!!Valid till 6th Oct.T&C. Call 08041680066
spam	This season loose weight naturally.  Get FREE consultation+50% discount by Anjali Mukerjee.  No machine. No exercise.  98% SUCCESS.  Give Missed call +918030636432
spam	Get Freedom from Fat!  5-week Weight LOSS plan & get 2 weeks FREE! @ Health Total Anjali Mukerjee.  No machine.No exercise 98% SUCCESS.  For Info sms SLIM @ 58888
spam	Eat Right & Lose upto 2kgs in a week with "Health Total Anjali Mukherjee" No Machine. No Exercise.  98% success+5Lac Happy Customers.  For Info sms LOSE to 56767
spam	This festive season choose your ideal gift @CROSSWORD. Get FREE Discount Voucher worth Rs.200 on purchase of Rs.1500 or more. Limited period offer. T&C*
spam	ONLY 2 DAYS! Get FLAT 55% DISCOUNT on ENTIRE RANGE of Branded Terry bath towels @ Big Bazaar Use code 3584475520 till 11 June Know more @ goo.gl/4SyLB8 T&C
spam	Last Day! Get FLAT 75% OFF on Dreamline Mop bucket (wheel) @Big Bazaar Buy ONLY @ Rs.750. View @ goo.gl/pbTjYE Use 8109600501 till 11 Jun. Ignore if used TC
spam	Tees or Denims? Why choose when you can have it all?  fbb brings Shop Rs.2000 & Get Rs.1000 Cashback Offer!  From 16-26 June @fbb/Big Bazaar. goo.gl/gDPUeb T&C
spam	Get INSTANT DISCOUNT of Rs.100 on Yoga Mats @ Big Bazaar Get ready for Yoga Day! Use Code 9575569119 till 25 Jun Range starts Rs.439 onwards bit.ly/2tDEfsY T&C
spam	Get FLAT 50% DISCOUNT on ENTIRE RANGE of Lunch Boxes @ Big Bazaar Use Code 6855082392 till 28Jun More @ bit.ly/2rLJiv7 Brands Incl Milton, Signoraware etc. TC
spam	Get FLAT 50% DISCOUNT on ENTIRE RANGE of Lunch Boxes @ Big Bazaar Use Code 6855082392 till 28 Jun More @ bit.ly/2rLJiv7 Pls ignore if used. T&C Apply
spam	Get FLAT 40% DISCOUNT on Opalware Dinner Sets @ Big Bazaar Use code 4036910120 till 28 Jun More @ bit.ly/2ryVwmw Pls ignore if used. T&C Apply
spam	Wednesday Special @ Big Bazaar Onion & Potato @ Rs.5/Kg (3kg/bill) Amul Butter 500g @Rs.199 Britannia Cookies Select Range Buy 2Get 1FREE T&C Till stocks last 
spam	GST MAHURAT SHOPPING! Get further PRICE REDUCTION of 2-22% across wide range of products @ Big Bazaar from midnight tonight 
spam	ADDITIONAL BONANZA OFFER: Get Rs.300 Cashback on shopping of Rs.1000 ONLY from 12am-2am tonight T&C - Cashback in Future Pay Wallet
spam	Get FLAT 50% OFF on ENTIRE RANGE of Glass Containers @ Big Bazaar Use 7273388706 till 16 July More @ bit.ly/2t93zGR Brands incl Wellberg, Lock & Lock etc. T&C
spam	Get FLAT 30% OFF on ALL Single & Double Dohars @ Big Bazaar Brands incl Dreamline & Bombay Dyeing Use code 1168514881 till 16 July More @ bit.ly/2sTQJge T&C
spam	Last 2 days! Get FLAT 50% OFF on ENTIRE RANGE of Glass Containers @ Big Bazaar Use code 7273388706 before billing. Valid till 16 July More@ bit.ly/2t93zGR T&C
spam	Get FLAT 50% OFF on Bonechina Tea Sets & Serving Sets Use 7520718814 FLAT 40% OFF on Melamine Trays Use 6457337700 Till 30Jul @ Big Bazaar. Ignore if used. TC
spam	Exclusively for You ONLY for TODAY!  You have been specially selected for Rs.200 INSTANT ADDITIONAL DISCOUNT on shopping of Rs.2000. Use Code 5961977683 
spam	ADDITIONALLY Get Rs.500 CASHBACK + Get the best of Big Bazaar Mahabachat offers T&C - Cashback in Future Pay Wallet. More @ goo.gl/Hdmj13
spam	Big Bazaar Presents 5 Days Maha Bachat 12 - 16 August!  Get 7% INSTANT DISCOUNT on shopping of Rs.3500 with HDFC Debit/Credit Cards + Get Rs.500 CASHBACK T&C - Cashback in Future Pay Wallet. More @ goo.gl/Hdmj593521
spam	Big Bazaar Presents 5 Days Maha Bachat 12 - 16 August!  Get 7% INSTANT DISCOUNT on shopping of Rs.3500 with HDFC Bank Debit/Credit Cards + Get Rs.500 CASHBACK T&C - Cashback in Future Pay Wallet. More @ goo.gl/Hdmj13
spam	Ganeshotsav Special!  Get Rs300 OFF on Fashion apparel worth Rs1500 Use 1209361772 @fbb/Big Bazaar till Sep 5 in select cities Chk range @ goo.gl/tA9bTB TnC
spam	Ignore previous msg Get Rs300 OFF on Fashion apparel worth Rs1500 Use 4227014825 @fbb/Big Bazaar till Sep 5 in select cities Chk range @ goo.gl/tA9bTB TnC
spam	Get ADDITIONAL Rs.300 OFF on wide range of Double Bed Sheets @ Big Bazaar Use code 440231619308 till 27Aug. Buy @ ONLY Rs.699 post discount T&C bit.ly/2wA5dqY 
spam	Get FLAT 55% OFF on Terry Bath Towels (MRP Rs.249 onwards) @ Big Bazaar Use 341844779954 till 3 Sept Valid In select cities, for more T&C visit goo.gl/hLcePc 
spam	Grab your Ganeshotsav offer till Sep 5 Rs 300 OFF on Fashion apparel worth Rs 1500 Use 4227014825 @fbb/Big Bazaar in select cities Chk goo.gl/tA9bTB TnC
spam	Pamper ur Kids!  Frm Rugged denims to Smart shirts; Pretty dresses to Elegant ethnic, widest range of kids fashn starting Rs99 @fbb/BigBazaar goo.gl/L1FpEk TnC
spam	Get FLAT 50% DISCOUNT on Drying Stands, Ironing Boards & Laundry Baskets @ Big Bazaar Use code 285914168103 till 17 Sept More @ bit.ly/2jlD15g T&C
spam	Get FLAT 60% OFF on Crystal Vegetable Dicer @ Big Bazaar Use code 338030960822 from 20-24 Sep Demo- https://bit.ly/2f544wX | More@https://bit.ly/2fdtHzi T&C
spam	Get Flat 70% DISCOUNT on Dreamline Magic Mop Buckets @ Big Bazaar Use code 727500819097 till 24 Sept More @ https://bit.ly/2hbbl2z T&C
spam	Last 2 Days! Get FLAT 40% OFF on Wide Range of Lunch Boxes @ Big Bazaar Use code 951520922823 till 24 Sep More@ https://bit.ly/2xua8cV T&C
spam	Get FLAT 40% DISCOUNT on ENTIRE RANGE of Dinner Sets @ Big Bazaar Use code 395169115344 till 8 Oct Brands incl La Opala, Cello, Borosil Larah & Diva. TC 
spam	Get upto 6% ADDITIONAL DISCOUNT on shopping of Rs.4000 with ICICI Bank Debit & Credit Cards @ Big Bazaar Also, get extra Rs.300 CASHBACK in Future Pay Wallet on shopping till 4 Oct T&C - ICICI Maximum discount is Rs.400
spam	Shop at your nearest WRANGLER store this Dusshera and get gift vouchers worth 500  and limited edition duffel bags on your purchases T&C. To opt out call +918039275884
spam	Hi NAME, Grow your wealth by making small investments of Rs.1000/month. Assure yourself a stress-free future. Click http://nmc.sg/Jt2CAs to invest now.
spam	What is Rs.1000 good for? Food, shopping or becoming rich someday?  Invest Rs.1000 per month to build your future wealth. Invest now, click http://nmc.sg/J33GgI
spam	What is Rs.1000 good for? Food, shopping or becoming rich someday?  Invest Rs.1000 per month to build your future wealth. Invest now, click http://nmc.sg/J33GgI
spam	Do you know a small investment of Rs.1000 can help you with your future endeavours? Go ahead & invest today for a better tomorrow.
spam	Savour Live Tawa King Fish .. Tawa Chicken.. Chaats.. Veg Grills..  Succulent Dimsums and more... @ Chutney Chang- Longest Buffet.  Museum Rd & Jayanagar. For Resvn: 9845109369 / 9901967373
spam	Celebrate Navratri's with our special menu for Dinner's at SUBZ-Jayanagar. For Resvn-9342434350
spam	Savour the All New Global Lunch Buffet at 20 Feet High for just Rs.399/++. For Resvn Call .9886084577.
spam	Savour the All New Global Lunch Buffet at 20 Feet High for just Rs.399/++. For Resvn. 9886084557.
spam	Celebrate Weekend...Live Tawa King Fish .. Tawa Chicken.. Chaats.. Veg Grills.. Succulent Dimsums and more... @ Chutney Chang- Longest Buffet. Museum Rd & Jayanagar. For Resvn:-9008001193/9901967373
spam	Celebrate Navratri's with our special menu for Dinner?s at SUBZ-Jayanagar. For Resvn - 9342434350
spam	MakeMyTrip: Book Hotel Stay for 2 Nights @ Price of 1, basis your booking NF7263792196777 with darshan.sonde@gmail.com Code: HTLBOGO Book @ applinks.makemytrip.com/SMsf/wriW2V0GkF T&Cs bit.ly/2vXk5yk Valid 24-Sep on select domestic hotels. To opt-out SMS MMTSTOP to 56161
spam	Block your dates on 23rd and 24th, Sep for SOBHA's The Big Indian Dream Festival. Unbelievable offers & assured iPhone 7 awaits you. Call us now at 08046224228
spam	KEYS by Prestige Group @ ITC Gardenia on 23rd-25th Sept. Ready homes @ 3.99% int. For Ongoing projects, Pay 10% now & balance on possession. Call +918046224225
spam	Your nearest WRANGLER store is offering Flat discounts of 1000 and 1500 this week. Give a miss call on +918033507383 to avail the coupon. T&C. To opt out call +918039275884
spam	Monsoon Live! Get Upto 25%*@Medlife+10%*MobiKwikCashback on 1st medicines' order.Order at goo.gl/DdgwER or Call 186012341234 Use: MAC25.Valid till 31Aug *TCA
spam	Super September- Save Upto 45%(30%*@Medlife+15%*MobiKwikCashback) on 1st medicines' bill.Order@?goo.gl/DdgwER?or Call 186012341234 Use: MAC30.Valid today! *TCA
spam	Super September- Save Upto 45%(30%*@Medlife+15%*MobiKwikCashback) on 1st medicines' bill.Order@ goo.gl/DdgwER or Call 186012341234 Use: MAC30.Valid today! *TCA
spam	Last Day Offer- Save Upto 45%(30%*@Medlife+15%*MobiKwikCashback) on 1st medicines' bill.Order@?goo.gl/DdgwER?or Call 186012341234 Use: MAC30.Valid today! *TCA
spam	This festive season Stay Awesome with Mochi shoes new collection @ 1ST FLOOR, PHOENIX MARKET CITY, WHITE FIELD ROAD. Ph. 08067266110. T&C*
spam	Last Day Offer- Save Upto 45%(30%*@Medlife+15%*MobiKwikCashback) on 1st medicines bill.Order @ goo.gl/mem5sT or Call 186012341234 Use: MC30. Valid today! *TCA
spam	Hey NAME, is your carpet looking old & dirty?Watch how we professionally clean your carpet & give it a new look- youtu.be/gpaV0naS7KA Optout sms UCOUT 56161
spam	Hey NAME, need help getting in shape? Get a fitness trainer home starting at Rs.4000/month! -http://ubcp.in/mn7 To STOP SMS Call 08049336224
spam	Get a free yoga trial at home this weekend! Book Yoga teachers on UrbanClap- starting @4000/month http://ubcp.in/mn5 To STOP SMS Call 08049336224
spam	The perfect gift. Another perfect gift. Yet another gift. Discover 101 gifting ideas at William Penn stores or shop online at www.williampenn.net/101-gifting
spam	The Biggest Deals on Home Buying is here. Puravankara brings you the Big 72 Hrs Home Fest from15-17sep, be there & get great savings on Homes.Call +918030636279
spam	The Big72 Hr Home fest is now Live. Buy Rs.720 Coupon Online & Get Minimum Savings of 7.2% on Homes. Limited Coupons available. Hurry!
spam	Greeting frm hdfc regarding personal loans u have a pre aprved loan offer further details pls contact frm shruthi
spam	Your Dad Deserves the Best. Choose the best Health Insurance policy for him this Father's Day. Compare quotes now - bit.ly/2rynZwV
spam	Dear User Good News for You Now You Will Get Rs.50000* Monthly Income With Term Plan More Details: bit.ly/NowGetMonthlyIncome
spam	Dear User Now  Get Rs.10 Lacs Health Cover @ Rs.19/day* Click  bit.ly/2eRyG4M to know more.
spam	SUPER SUNDAY@STAR EXTRA!  Rs229.50-Patanjali Ghee500ML MRP290 Buy1,Get Rs100 OFF & Buy2Get1 FREE -Surf Excel Matic 2kg MRP465+ Shimla Apple@Rs99/kg Your store is now open till 11 pm on weekends!  T&C
spam	Hi NAME, Employer Health Insurance doesn't cover you enough. Get a 5Lac health plan @ Rs.5000/year. EMI options available.  http://nsm.sg/FSEtz
spam	Don't let the rains put off the fire in you. Fuel your journey towards fitness with this offer. Get upto Rs.2000 Paytm Cashback on purchase of CULT Packs. Click here to buy now. http://bit.ly/2eRHM1S
spam	Hurry, last 4 hours left! Paytm offer ends tonight. Get Paytm Cashback of Rs.2000 on 6 months CULT Pack and Rs.1000 on 3 months CULT Pack. Click here to buy now.
spam	Hi, Rs.500 to 5 lucky winners & Rs.50 to 500 Early Birds as Clubcard points! Just take the survey, click - http://bit.ly/2wNusmR & share feedback. T&C
spam	ELEVATE your LOOK with Aqualens Contact Lenses! Also get Buy 1 Get 1 FREE. Call 08470007367 or Visit w.lenskart.com/s/IY5fAV/hqH05p Optout sms LENS 567678
spam	SPLASH EXCLUSIVE! Get Rs.500 OFF on shopping of new collection worth Rs.3000, Code: UQ48CK Valid till 10 Sept. T&C. To opt out give missed call to +918039275834
spam	*HDFC BANK PERSONAL LOAN: New rates starts @ 10.99% Any loan amount Faster process and DOOR STEP SERVICE. Apply Now:CALL-DINESH- 8884602273 T&C*
spam	We provide services related to "Website designing & development, Ecommerce website, Software & Mobile application development" To avail misscall 02261816307
spam	India India! Cheer for team India & double the excitement with DOMINO'S. Get 25%OFF Today only. Walk-In/Order@ 68886888/ goo.gl/CQThqp Cpn: CRMA47684028B T&C
spam	Thanks for being Domino's Privileged Guest. You are registered to receive Domino's Promotional SMS. If you wish to unsubscribe, sms UNSUB to 5757575.
spam	You don't need a reason to party @ Domino's. Buy 1 Med/Large Pizza & Get 25%OFF.WalkIn/Order@ 68886888/ goo.gl/CQThqp Cpn: CRM7572718991 Valid till 16-Jul.T&C
spam	We would love to serve you again. Get 25%Off on Medium/Large pizza @DOMINO'S today only. Walk-In/Call@ 68886888/ goo.gl/CQThqp /Mob APP. Cpn: CRM744C2D4E15 T&C
spam	Enjoy a #Saturdate with DOMINOS. Buy any Medium/Large Pizza & get 25%OFF. Walk-In/Order@ 68886888/ goo.gl/CQThqp /App.Cpn: CRMB1983DD6EC.Valid till: 30-Jul.T&C
spam	Try the all New DOMINO'S - Soft Crust, More Toppings, Tastier Sauce & More Cheese. Aapne Kaha, Humne Kiya! Walk-In/Order@ 68886888/ goo.gl/CQThqp T&C #BadalGaya
spam	India India! Cheer for team India & double the excitement with the All New DOMINO'S. Get 25%OFF Today. Walk-In/Order@ 68886888/ Online Cpn: CRME68DD01E93 T&C
ham	u in meeting
ham	u der
ham	wer u?
spam	30 Mins to go for Happy Hours. Take unlimited rides to the grocery store or to the mall during Happy Hours today on POOL and pay just 29 for upto 4kms. Happy Hours = Unlimited Rides. Learn More - t.uber.com/PVNP
spam	A little more than an hour to go for Happy Hours to end! Step out for early lunch today, take an uberPOOL ride and pay just 29 for upto 4kms in Bangalore.  Happy Hours = Happy Wallets.  Learn More - t.uber.com/PVNP
spam	A few more hours Happy Hours to end!Leave work a little early today, beat the traffic and pay just 29 for upto 4kms on your uberPOOL ride in Bangalore. Happy Hours = Less Traffic! Learn More - t.uber.com/PVNP
spam	Happy Hours is live! Pay just 29 for upto 4kms on your uberPOOL ride. Valid till 5pm. Learn More - t.uber.com/PVNP
spam	30 Mins to go for Happy Hours. Take unlimited rides anywhere during Happy Hours today on POOL and pay just 29 for upto 4kms. Happy Hours = No Passes. Learn More - t.uber.com/PVNP 
spam	Happy Hours is live! Pay just 29 for upto 4kms on your uberPOOL ride. Valid till 5pm. Learn More - t.uber.com/PVNP
spam	Dear Rider, ride for as low as 29 for up to 4kms and 49 for up to 8kms on uberPOOL all day long! Valid till 9th July. uberPOOL=Paisa Vasool
spam	30 mins to go for Happy Hours. Take unlimited rides during Happy Hours today on POOL & pay just Rs 29 for upto 4kms. Learn about Happy Hours - t.uber.com/PVNP
spam	Happy Hours are live! Leave work a little early today, beat the traffic and pay just Rs 29 for upto 4kms. Learn More - t.uber.com/PVNP
spam	Dear Rider, apply promo SEPBLR75 and get 75% off your next 5 uberGO/uberX rides in Bangalore, from 11 AM - 5 PM! Valid till Friday, 8th September. TnCA
spam	Hey NAME!  Happy Hours are BACK!  Enjoy Extra 18% OFF @Blockbuster Sale!  9AM-12Noon Code:BBHH18XAspam	7
spam	Hey NAME!  Happy Hours are BACK!  Enjoy Extra 18% OFF @Blockbuster Sale!  9AM-12Noon Code:BBHH18XA7 http://smsd.in/hphpwn1B
spam	Happy Hours: Payday Special!  Enjoy EXTRA 20% OFF on Top Styles & Brands From 3PM-6PM!  Use Code: HHSUN3SZAK Happy Shopping!
spam	Wrangler turns 70! Presenting an exclusive 15% discount on our 70th Anniversary collection. Shop the retro look with code L5M5VIZJ. TCA.To opt out call +918039275884
spam	Eat Right & Lose upto 2kgs in a week with Health Total Anjali Mukherjee.  No Machine. No Exercise.  98% success+5Lac Happy Customers.  For info sms LOSE to 56767
spam	HOME CENTRE SALE ENDS -3 SEPT. Flat 50% off on Modular Kitchen, Get Hob & Chimney +6 Corelle dinner plates FREE.T&C To opt out give missed call to +918039275834
spam	Just Credited Rs.200 in your wallet by SPAR! Shop what you like till 5-Sep, show Coupon JUJP0D at Cash Counter. T&C To opt out give missed call to +918039275834
spam	You have Rs.2000 in your goCash wallet. Download the goibibo app or sign up to claim and save on your travel bookings. http://go.ibi.bo/W1ad/h4xNhCWm3F
spam	Hi NAME, don't blow away that salary! Investing today can help you tomorrow. Start saving Rs.1000 every month to get started  http://nmc.sg/JW8Lkf Are you facing month end blues with struggles in meeting your expenses? Invest just Rs.1000 a month to ensure stable balance in future.  http://nsm.sg/OmbVK
spam	Are you facing month end blues with struggles in meeting your expenses? Invest just Rs.1000 a month to ensure stable balance in future.  http://nsm.sg/OmbVK
spam	Your data pack gives free access to LIVE TV, Movies and Music. Download now and get 600 MB FREE (TCA). Click mov.wynk.in/tv and  wynk.in/mu/msc
spam	Your data pack gives free access to LIVE TV, Movies and Music. Download now and get 600 MB FREE (TCA). Click mov.wynk.in/tv and  wynk.in/mu/msc
spam	Don't like the office food? Get delicious  tiffin delivered for Rs.1000/month only!  Explore now- http://ubcp.in/tffn To STOP SMS Call 08049336224
spam	Welcomed Ganesha home but still need to take care of cleaning?  We'll send sofa/kitchen/bathroom cleaning experts home- ubcp.in/hme To STOP SMS Call 08049336224
spam	Sell?Old?Phones?in?60?Seconds for Cash.Get Instant Price, Free Doorstep Pickup & OnSpot Payment.Use Coupon ECASH for Best Value.?Visit cashify.in/h6kjbg Now!
spam	Mamagobbler welcomes u Track all ur points in one place at Poiink Download @Play Store bit.ly/2qaEfCP iOS APP Coming Soon 
spam	GANESH UTSAV OFFERS TODAY@STAR BAZAAR Coconut-Rs18/pc Premium Banana-Rs25/kg Shimla Apple-Rs149/kg Pomegranate-Rs99/kg SPECIAL:10 varieties of Jaggery(Gud) T&C
spam	Making your GANESH UTSAV Special!  Besan loose@85/kg Suji loose@31/kg Maida loose@27/kg FLAT 20% off on Agarbattis, Dhoop & more RUSH TO STAR HYPER T&C
spam	Digital marketing services "SEO (Search engine optimization), SMM (Social media marketing) & PPC (Pay per click) starting at Rs.5,000/-Misscall on 08080942667
spam	Monsoon Live!Get Upto 25%*@Medlife+10%*MobiKwikCashback on your 1st medicines order.Order @ goo.gl/mem5sT or Call 186012341234 Use: MC25.Valid till 31Aug *TCA
spam	Last Day of Sale @LIFESTYLE! Online Exclusive UPTO 60% + EXTRA 10% OFF at http://goo.gl/R7RHqY .Don't miss it! T&C To opt out give missed call to +918039275834
spam	World of Titan Independence Offer-Largest Collection of Watches & Accessories @ Upto 40% off + EXTRA 5%. Valid till AUG 15. T&C.
spam	Set sail on a free Cruise trip from Penang & enjoy 25 years of holidays, only with Club Mahindra. SMS MCLUB to 56070 & avail the offer. T&C apply
spam	Set sail on a free* cruise trip this Diwali from Malaysia & enjoy 25 years of holidays, only with Club Mahindra. SMS MCLUB to 56070 & avail the offer. T&C apply
spam	Grab your best deal now! The Great Crossword Sale Offers Up to 70% Off on Books, DC Character T-Shirts & Toys. Details - goo.gl/NbCvfB .Valid till 30 July. T&C*
spam	Grab your best deal now! The Great Crossword Sale Offers Up to 70% Off on Books, DC Character T-Shirts & Toys. Details - goo.gl/NbCvfB .Valid till 30 July. T&C*
spam	Crossword Freedom Fest offers #HalfPriceSale, Get 50% value back on non-discounted purchase worth Rs1500. Offer valid till 15Aug.Click- http://nsm.sg/AbTUw . TC
spam	Never Before! Offer From AXIS BANK Personal loan. Foreclosure 0% And Part Payment 0% Rate of interest Start 10.99% For more details cont. Swetha 9740001473 T&C
spam	Freedom sparkle from JOS ALUKKAS Jayanagar 3rd block! Upto 50% Discount on making charges for Gold, 20% Off on Diamonds & more. Offer from Aug 12-15. Hurry!
spam	For the first time ever!! Buy ANY Frame at Titan Eyeplus INDIRANAGAR and get Flat 25% OFF on all Titan Lenses till 3rd sep.  Ph: 25212737 / 25213727. T&C*
spam	Super Wednesday's @ GK Vale,now a personalized Photo mug @ Rs99 only!!Visit today at Marathahalli store.Valid only today.T&C. Call 08041680066
spam	Capture your upcoming holiday with the latest range of Canon cameras from Gk Vale Marathahalli str.Hurry great offers for a limited period!T&C.Call-08041680066
spam	Monsoon Live!Get Upto 25%*@Medlife+20%*MobiKwikCashback on your 1st medicines order.Order @ goo.gl/mem5sT or Call 186012341234 Use: MC25.Valid till 31Aug *TCA
spam	"Bored of poor quality food & living? Switch to Aarusha Homes -India's best PG @ Ecity for Women. One day free stay and Rs 1500/- discount on rent with top class food and facilities. Hurry- offer valid only for few days. Call - 9686551636 / 9686551508, Also refer to your colleagues to earn money. www.aarusha.com
spam	Get an instant 10% on doorstep car service with DriveU's Pitstop! No promo code required. Just book your service before 15/08 to save! https://goo.gl/oHPq2r
spam	Only 8 days left for filing your Tax Return. Your account is active on ClearTax. Logon Now: https://goo.gl/iyQxM7  Upload Form 16 & finish filing in 7 minutes
spam	Last 5 days left for filing Income Tax Return. Your account is active on ClearTax. Logon Now: https://goo.gl/NAzq8Q Upload Form 16 & finish filing in 7 minutes
spam	Ride With Tapzo Cab Sale!  50% Ola Money CB up to Rs.50 on 1st Ola cab ride!  Use code OLATAP50 to avail the offer.  Offer expires today. Ride Now goo.gl/Gdd4cf
spam	Be amongst the first to watch the biggest sci-fi movie of this year. Book exclusive paid previews of VALERIAN -
spam	Now this is HUGE!  Get Buy 1 Get 1 on Lenskarts entire collection. Visit your nearby store at Marathahalli Near Old Brand Factory Ph: 9916417597
spam	Hi NAME,is your laptop heating up or mobile battery draining? Book expert repair professionals on UrbanClap- http://ubcp.in/rpr Optout UCOUT 56161
spam	The Big Sale is on with up to 51% Off on a wide range of Furniture and Home Decor Items. Make most of it now! Visit http://bit.ly/2thXzAz To opt out call +918067006954
spam	#GST Not getting medicines?Save upto 40% on 1st order(Upto 25%*@Medlife+15%*MobiKwikCashback) Order goo.gl/mem5sT or Call 186012341234 Use MC25.Till 20Jul17*TCA
spam	#BhaariSavings upto 45% on medicines 1st order(Upto 25%* Medlife+20%*MobiKwikCashback) Order goo.gl/mem5sT Call 186012341234 Use:MC25.Valid till 25Jul17 *TCA
spam	Happy Hours are live! Take an uberPOOL ride and pay just Rs 29 for upto 4kms in Bangalore. Learn about Happy Hours - t.uber.com/PVNP
spam	Dear Rider, apply promo JULBLR75 and get Rs. 75 off your next 10 uberGO/uberX/uberXL rides  in Bangalore! Valid till Sunday, 16th July 2017. Get riding now! TnCA
spam	Leave work a little early today, beat the traffic and pay just Rs 29 for upto 4kms on your POOL ride in Bangalore. Learn More - t.uber.com/PVNP
spam	Happy Hours are live! Pay just Rs 29 for upto 4kms on your uberPOOL ride. Valid till 5pm. Learn More - t.uber.com/PVNP
spam	Dear Rider, apply promo BLRTAKE75 and get Rs. 75 off your next 10 uberGO/uberX/uberXL rides  in Bangalore! Valid till Sunday, 23rd July 2017. Get riding now! TnCA
spam	Happy Hours are live! Take an uberPOOL ride and pay just Rs 29 for upto 4kms in Bangalore. Learn about Happy Hours - t.uber.com/PVNP
spam	Dear Rider, your promo BLRTAKE75 will expire at 5 PM, 18 July 2017. However, we would like to unlock more discounted rides just for you! Use promo BLREXTRA40 to get 40% off on your next 5 uberGO/uberX/uberXL rides in Bangalore. Valid till Sunday, 23 July 2017. Max Discount Rs. 40/trip. TnC
spam	Chinmaya Mission-Please watch on DD Chandana from 12 to 12:30 pm today--Satsanga by Pujya Swami Gahananandaji--Hari Om!
spam	Chinmaya Mission-- [Announcement]: The DD Chandana broadcast of the Satsanga scheduled for today has been postponed -- (next date not yet announced)-- Hari Om
spam	Chinmaya Mission-Geeta Jnana Yajna(Kannada) by Swami Gahananandaji from July 18th to 24th at Varasiddhi Vinayaka temple,7th cross,7th main,Nobonagar,Bannerghatta Road-Daily 6:30pm-You are welcome-Hari Om!
spam	Its been long since we last saw u @Barbeque Nation,come back to relish Veg/Non Veg Grill Buffet & get 150 off on ur bill.T&C. Cpn:EBCW7. Vld: 25-Jul-17
spam	SPAR M-COUPON! Show Coupon YMJ430 before billing to get Rs.125 Off on purchase of Rs.2500 & above. Valid-18 Jul. T&C To opt out give missed call to +918039275834
spam	!HYUNDAI FREE CAR CARE CLINIC!12 to 21 July 2017.Avail Discounts on Parts,Labour,VAS,RSA etc.Cal@9902099832/22976124/25 Timing:7am to 9pm. ADVAITH BSK Monotype.
spam	Hey NAME, need to take care of home repairs this weekend? Get a plumber/electrician/carpenter home in 120 mins only! http://ubcp.in/rpr Optout UCOUT 56161
spam	Your ride is your pride! Treat its interiors with shampoo, scrub and vacuum cleaning this weekend! See how it gets done- youtu.be/JPy4CpIrauI Optout UCOUT 56161
spam	Don't dads love to show-off ? This Father's Day, give him a gift from William Penn. He will tell the world about it. Visit stores or shop online bit.ly/2s6IKjh
spam	The much awaited William Penn SALE starts today! Visit stores or shop online at www.williampenn.net/sale
spam	Axis bank offers personal loan starting from 10.99% ROI with 0% preclosing charges and also partial payment is allowed. Call  Shwetha on 9620493820.
spam	Pay Rs 4000, Get merchandise worth Rs 8000 at CENTRAL tomorrow, 11 Jul. Get additional Rs 500 OFF using code 7411575831 +PAYBACK Points. Not valid in Kolkata.  To optout, sms OPTOUT to 9773597735 .TnC
spam	Only Today! Pay Rs 4000 only and get merchandise worth Rs 8000 at CENTRAL + Extra Rs 500 OFF using code 7411575831 +PAYBACK Points. Not valid in Kolkata.  To optout, sms OPTOUT to 9773597735 .TnC
spam	SALE ALERT! FLAT 50% OFF is back @MaxFashion.com. Last chance to bag the latest fashion, don't miss out. Limited period offer. Shop Now-
spam	SALE ALERT! FLAT 50% OFF is back @MaxFashion.com. Last chance to bag the latest fashion, don't miss out. Limited period offer. Shop Now- https://goo.gl/mmBjFn
spam	SALE ALERT! FLAT 50% OFF is back @MaxFashion.com. Last chance to bag the latest fashion,don't miss out. Limited period offer. Shop Now- https://goo.gl/mmBjFn
spam	SALE ALERT! FLAT 50% OFF is back @MaxFashion.com. Last chance to bag the latest fashion,don't miss out. Limited period offer. Shop Now- https://goo.gl/mmBjFn
spam	Mitron, Enjoy FLAT 50% + EXTRA 5% cashback on tons of new styles for men, women & kids @MaxFashion.com. Hurry! Shop now https://goo.gl/GTFnZZ
spam	Mitron, Enjoy FLAT 50% + EXTRA 5% cashback on tons of new styles for men, women & kids @MaxFashion.com. Hurry! Shop now https://goo.gl/GTFnZZ
spam	SALE IS GETTING BIGGER. FLAT 50% + EXTRA 5% Cashback @MaxFashion.com. Last chance to bag the latest fashion. Shop Now. Hurry! https://goo.gl/GTFnZZ
spam	SALE IS GETTING BIGGER. FLAT 50% + EXTRA 5% Cashback @MaxFashion.com. Last chance to bag the latest fashion. Shop Now. Hurry! https://goo.gl/GTFnZZ
spam	Save More, Earn More- The FLAT 50% SALE is on at MaxFashion.com. Also get Extra 5% Off on using your SBI card. Shop Now. https://goo.gl/GTFnZZ
spam	LAST CHANCE- FLAT 50% OFF is back @MaxFashion.com. Also get EXTRA 5% Cashback on SBI card. Last chance to bag the latest fashion. Hurry- https://goo.gl/GTFnZZ
spam	LAST CHANCE- FLAT 50% OFF is back @MaxFashion.com. Also get EXTRA 5% Cashback on SBI card. Last chance to bag the latest fashion. Hurry- https://goo.gl/GTFnZZ
spam	BURNING HOT SALE! Over 25,000 new products on FLAT 40% off @MaxFashion.com. Also, get EXTRA 5% Cashback on SBI Cards.T*C Applied.Hurry-https://goo.gl/BDeCyw
spam	MORE CHOICES, MORE SAVINGS-FLAT 40% OFF! Get over 25,000 new styles at amazing prices @MaxFashion.com. Limited period offer. Hurry-https://goo.gl/BDeCyw
spam	Sell Old Phones/ Laptops on Cashify & Stand a Chance to Win 50,000/-. Doorstep Pickup | OnSpot Payment. Use Coupon ECASH for best value.  Visit Cashify.in Now!
spam	YOUR CELL NO.HAS W0N 500,000 POUNDS IN SAM$UNG UK MOBILE DRW. SEND US NAME,ADD,MOBILE,AGE &JOB TO: samsungpromss@hotmail.com
spam	DEAR CUSTOMER, WEF 01.07.2017 OUR BANK WILL COLLECT GST @ 18% ON APPLICABLE COMMISSION/SERVICE CHARGES IN LIEU OF SERVICE TAX @ 15% -CANARA BANK
spam	Happy Hours have begun! Ride anywhere in Bangalore for up to 4kms on uberPOOL between 11 AM & 5 PM and pay just Rs 29! Learn about Happy Hours t.uber.com/PVNP
spam	Make this Father s Day Awesome at Mochi. Get FLAT 10% Off on Men s Footwear & 2x points to MyMochi Members on 17 & 18 Jun 2017. T&C Apply
spam	Indulge in Awesomeness with THE STAY AWESOME SALE FLAT 50%* OFF on select merchandise. Visit mochi store @PHOENIX MARKET CITY BENGALURU.Ph.08067266110 *T&C
spam	24 hour Flash Sale! 30% OFF on Fastrack & Titan sunglasses. Shop Now.
spam	it?s Raining Offer! Celebrate Awesomeness with Flat 50%* Off on select stock 110 *T&C 
spam	BIG GST SALE at Lenskart till 30th June! Buy before prices & taxes go up at w.lenskart.com/s/dyXWIk/WU8wP2 Optout sms LENS 567678
spam	Eat Right & Lose upto 2kgs in a week with "Health Total Anjali Mukherjee" 98% success+5 Lakh Happy Customers.  FREE expert consultation.Miss call@ +918030636432
spam	Special Preview of Happiness Sale at CENTRAL starts today! Get upto 51% OFF on over 500 brands+PAYBACK Pts till 22 Jun To optout,sms OPTOUT to 9773597735 .TnC
spam	Special Preview of Happiness Sale at CENTRAL! Get upto 51% OFF on over 500 brands+PAYBACK Pts till 22 Jun.  To optout,sms OPTOUT to 9773597735 .TnC
spam	Special Preview of Happiness Sale at CENTRAL only for today! Get upto 51% OFF on over 500 brands+PAYBACK Points.  To optout,sms OPTOUT to 9773597735 .TnC
spam	CENTRAL presents Happiness Sale upto 51% OFF on over 500 brands! Visit ur nearest CENTRAL Store! Earn PAYBACK Pts too.  To optout,sms OPTOUT to 9773597735 .TnC
spam	EORS Super Hours from 8 PM to Midnight!  Enjoy Extra 20% OFF + 20% PhonePe Cashback Only Today!  Happy Shopping!  
spam	TITAN EYE+,INDIRANAGAR,Big Weekend Sale June 24 to 26,50% off on 2nd spectacle,50% off on RX sunglass lenses, Buy 2 box & Get 2 box of contact lenses Free.T&C*
spam	TITAN EYE+,INDIRANAGAR,Big Weekend Sale June 24 to 26,50% off on 2nd spectacle,50% off on RX sunglass lenses, Buy 2 box & Get 2 box of contact lenses Free.T&C*
spam	TITAN EYE +, INDIRANAGAR, Big Weekend Sale, June 25 to 26, Buy 6 Months  Supply of Contact Lenses & GET 6 Months Supply of contact Lenses FREE. HURRY T&C Apply.
spam	Redeem your reward points to SHOP FOR FREE at the SALE at Shoppers Stop & HomeStop with your First Citizen card ending 9010. You have Rs. 300 worth of reward points in your a/c as on 21 June 17. Redeem them before they lapse.
spam	Earn Xtra on your First Citizen card ending 9010 this season. Shoppers Stop launches BIG DELIGHTS - Now earn 500 Bonus Reward Points on select brands in Fragrances, Cosmetics & more and redeem them on the very same favourite brands even during SALE. Click to check offers - bit.ly/BgDlight T&C apply.
spam	Your First Citizen card ending 9010 is eligible to shop at FLAT 50% OFF SALE at Shoppers Stop & HomeStop. T&C apply. TAXES EXTRA. On select Range & Brands.
spam	WIN Yamaha Bike or Paytm Cash. Play PowerPlay Quiz to win Yamaha FZ25 or Rs. 30K Paytm Cash. Click
spam	Shoppers Stop & HomeStop FLAT 50% OFF SALE PREVIEW access on your First Citizen card ending 9010 from 21-23 Jun'17 . T&Caply, TAXES XTRA. On select Range/Brands
spam	Kotak introduces 811. A digital savings account. Install & get Zero Balance Banking, interest up to 6%* in just 5 minutes visit http://bit.ly/811ND *T&C apply.
spam	Burn Fat Naturally Lose Weight on Full Stomach 10KG in Jst 9Weeks India's No.1 Supplement AYUR SLIMAX www.ayurslimax.com Call Now & Get 20%OFF 9069144152
spam	WIN a brand new Yamaha Bike or Paytm Cash. Play PowerPlay Quiz to win a Yamaha FZ25 or Rs. 30K Paytm Cash. Click
spam	we r providing unsecured business loan upto 10crs within 2 working days in bangalore for qualifying businesses having minimum T.O 1cr call 9071510285,9901851470
spam	Come As You Are - Crocs casual footwear exclusive counter now open at Mochi Shoes and Accessories store @Commercial Street, Bengaluru. Tel: 08025588808

